{
  "thrift": [
    { "id":"thrift_hoodie_01", "label":"Used Hoodie + Jeans", "basePrice": 140,
      "components": [
        { "component": 11, "drawable": 5, "texture": 0 },
        { "component": 4,  "drawable": 4, "texture": 0 },
        { "component": 6,  "drawable": 1, "texture": 0 }
      ]
    }
  ],
  "clothing": [
    { "id":"new_suit_01", "label":"New Suit", "basePrice": 520,
      "components": [
        { "component": 11, "drawable": 10, "texture": 0 },
        { "component": 4,  "drawable": 10, "texture": 0 },
        { "component": 6,  "drawable": 10, "texture": 0 }
      ]
    }
  ]
}
