{
  "cash": { "label": "Cash", "usable": false, "type": "currency", "stack": 999999, "tags": ["money"], "basePrice": 1 },
  "dirty_money": { "label": "Dirty Money", "usable": false, "type": "currency_dirty", "stack": 999999, "tags": ["money_dirty"], "basePrice": 1 },
"fake_id": {
  "label": "Fake ID",
  "usable": false,
  "type": "identity",
  "stack": 25,
  "tags": ["blackmarket", "identity"],
  "basePrice": 2500
},
{
  "house_key":  { "label":"House Key",  "usable": false, "type":"key", "stack": 999, "tags":["house_key"], "basePrice": 0 },
  "garage_key": { "label":"Garage Key", "usable": false, "type":"key", "stack": 999, "tags":["garage_key"], "basePrice": 0 }
},
{
  "burner_phone": { "label":"Burner Phone", "usable": false, "type":"device", "stack": 1, "tags":["phone","burner"], "basePrice": 120 },
  "smart_phone":  { "label":"Smart Phone",  "usable": false, "type":"device", "stack": 1, "tags":["phone","smart"],  "basePrice": 900 }
},
{
  "water": { "label":"Water", "usable": true, "type":"drink", "stack":50, "tags":["drink","thirst"], "basePrice":3 },
  "soda":  { "label":"Soda",  "usable": true, "type":"drink", "stack":25, "tags":["drink","thirst","soda","stamina"], "basePrice":4 },
  "coffee":{ "label":"Coffee","usable": true, "type":"drink", "stack":10, "tags":["drink","thirst","coffee","stamina"], "basePrice":7 },
  "burger":{ "label":"Burger","usable": true, "type":"food", "stack":25, "tags":["food","hunger","burgershot"], "basePrice":12 },
  "hotdog":{ "label":"Hot Dog","usable": true, "type":"food", "stack":25, "tags":["food","hunger","stand_hotdog"], "basePrice":8 },
  "chips": { "label":"Chips", "usable": true, "type":"junk", "stack":25, "tags":["junk","hunger","stress_relief"], "basePrice":4 },
  "liquor":{ "label":"Liquor", "usable": true, "type":"drug", "stack":10, "tags":["liquor","stress_relief","pain_ignore"], "basePrice":28 },
  "painkillers":{ "label":"Painkillers", "usable": true, "type":"med", "stack":25, "tags":["pain_ignore"], "basePrice":18 },
  "weed_bag":{ "label":"Weed (Bag)", "usable": true, "type":"drug", "stack":200, "tags":["drug","stress_relief","impaired"], "basePrice":80 },
  "shrooms_bag":{ "label":"Shrooms (Bag)", "usable": true, "type":"drug", "stack":200, "tags":["drug","stress_relief","impaired"], "basePrice":110 },
  "acid_strip":{ "label":"Acid (Strip)", "usable": true, "type":"drug", "stack":200, "tags":["drug","stress_relief","impaired"], "basePrice":140 },
  "vehicle_key": { "label":"Vehicle Key (Token)", "usable": false, "type":"key", "stack": 999, "tags":["vehicle_key"], "basePrice": 0 },
  "vehicle_title": { "label":"Vehicle Title (Paperwork)", "usable": false, "type":"paper", "stack": 999, "tags":["vehicle_title"], "basePrice": 0 },
  "spray_paint": { "label":"Spray Paint", "usable": false, "type":"tool", "stack": 25, "tags":["repaint"], "basePrice": 12 },
  "jerrycan_fuel":{ "label":"Jerry Can (Fuel)", "usable": true, "type":"vehicle", "stack":5, "tags":["fuel_can"], "basePrice":45 },
  "toolbox":{ "label":"Toolbox", "usable": true, "type":"tool", "stack":5, "tags":["veh_repair"], "basePrice":95 },
  "atm_card": { "label": "ATM Card", "usable": false, "type": "banking", "stack": 1, "tags": ["banking"], "basePrice": 25 },
  "water": { "label": "Water", "usable": true, "type": "consumable", "stack": 50, "tags": ["shop", "gas", "drink"], "basePrice": 3, "icon": "items/water.png" },
  "bandage": { "label": "Bandage", "usable": true, "type": "medical", "stack": 25, "tags": ["shop", "medical"], "basePrice": 12, "icon": "items/bandages.png" },
  "lockpick": { "label": "Lockpick", "usable": false, "type": "tool", "stack": 50, "tags": ["pawn", "fence", "tools"], "basePrice": 65 },
  "slimjim": { "label": "Slim Jim", "usable": false, "type": "tool", "stack": 10, "tags": ["pawn", "tools"], "basePrice": 120 },
  "lockpick_set": { "label": "Lockpick Set", "usable": false, "type": "tool", "stack": 10, "tags": ["fence", "tools"], "basePrice": 220 },
  "e_lockpick": { "label": "E-Lockpick", "usable": false, "type": "tool", "stack": 5, "tags": ["fence", "tools"], "basePrice": 450 },
  "hotwire_kit": { "label": "Hotwire Kit", "usable": false, "type": "tool", "stack": 10, "tags": ["fence", "tools"], "basePrice": 180 },
  "cigarettes": { "label": "Cigarettes", "usable": true, "type": "consumable", "stack": 20, "tags": ["shop", "gas"], "basePrice": 12 },
  "chips": { "label": "Chips", "usable": true, "type": "food", "stack": 20, "tags": ["shop", "gas", "food"], "basePrice": 4 },
  "coffee": { "label": "Coffee", "usable": true, "type": "drink", "stack": 10, "tags": ["shop", "gas", "drink"], "basePrice": 7 },
  "weed_bag":   { "label":"Weed (Bag)", "usable": false, "type":"drug", "stack": 200, "tags":["drug","weed","small"], "basePrice": 80 },
  "weed_brick": { "label":"Weed (Brick)", "usable": false, "type":"drug", "stack": 50,  "tags":["drug","weed","brick"], "basePrice": 1800 },
  "shrooms_bag":   { "label":"Shrooms (Bag)", "usable": false, "type":"drug", "stack": 200, "tags":["drug","shrooms","small"], "basePrice": 110 },
  "shrooms_brick": { "label":"Shrooms (Brick)", "usable": false, "type":"drug", "stack": 50,  "tags":["drug","shrooms","brick"], "basePrice": 2400 },
  "acid_strip":   { "label":"Acid (Strip)", "usable": false, "type":"drug", "stack": 200, "tags":["drug","acid","small"], "basePrice": 140 },
  "acid_sheet":   { "label":"Acid (Sheet)", "usable": false, "type":"drug", "stack": 50,  "tags":["drug","acid","brick"], "basePrice": 3200 },
  "coke_bag":   { "label":"Coke (Bag)", "usable": false, "type":"drug", "stack": 200, "tags":["drug","coke","small"], "basePrice": 240 },
  "coke_brick": { "label":"Coke (Brick)", "usable": false, "type":"drug", "stack": 50,  "tags":["drug","coke","brick"], "basePrice": 6200 }
}

}
