[
{ "id":"shop_247_vespucci_01", "name":"24/7 Supermarket", "type":"shop", "coords":{"x":-1222.9,"y":-906.9,"z":12.3}, "blip":{"sprite":59,"color":2} },
{ "id":"shop_247_grapeseed_01", "name":"24/7 Supermarket", "type":"shop", "coords":{"x":1700.6,"y":4926.7,"z":42.1}, "blip":{"sprite":59,"color":2} },
{ "id":"shop_247_sandy_01", "name":"24/7 Supermarket", "type":"shop", "coords":{"x":1961.1,"y":3741.3,"z":32.3}, "blip":{"sprite":59,"color":2} },
{ "id":"dealer_strawberry_01", "name":"Street Dealer", "type":"dealer", "coords":{"x": 66.2, "y": -1921.9, "z": 20.8}, "blip":{"sprite": 140, "color": 1, "scale": 0.75} },
{ "id":"druggie_strawberry_01", "name":"Drug-ie", "type":"druggie", "coords":{"x": 114.7, "y": -1970.8, "z": 20.9}, "blip":{"sprite": 480, "color": 46, "scale": 0.75} },
{ "id":"barber_missionrow_01", "name":"Barber", "type":"barber", "coords":{"x":136.8,"y":-1708.4,"z":29.3}, "blip":{"sprite":71,"color":47} },
{ "id":"barber_hawick_01", "name":"Barber", "type":"barber", "coords":{"x":-814.3,"y":-183.8,"z":37.6}, "blip":{"sprite":71,"color":47} },
{ "id":"thrift_davis_01", "name":"Thrift Store", "type":"thrift", "coords":{"x": 80.6,"y":-1392.9,"z":29.4}, "blip":{"sprite":73,"color":46} },
{ "id":"clothing_burton_01", "name":"Clothing Store", "type":"clothing", "coords":{"x":-712.2,"y":-155.4,"z":37.4}, "blip":{"sprite":73,"color":2} },
{ "id":"gas_strawberry_01", "name":"Gas Station", "type":"gas", "coords":{"x":265.6,"y":-1261.3,"z":29.3}, "blip":{"sprite":361,"color":2} },
{ "id":"bs_vespucci_01", "name":"Burger Shot", "type":"burgershot", "coords":{"x":-1184.2,"y":-884.1,"z":13.8}, "blip":{"sprite":106,"color":47} },
{ "id":"liq_davis_01", "name":"Liquor Store", "type":"liquor", "coords":{"x":-54.1,"y":-1756.9,"z":29.4}, "blip":{"sprite":52,"color":47} },
{ "id":"hotdog_legion_01", "name":"Hotdog Stand", "type":"hotdog_stand", "coords":{"x":118.9,"y":-1036.2,"z":29.3}, "blip":{"sprite":266,"color":46} },
{ "id":"gas_grove_01", "name":"Gas Station", "type":"gas", "coords":{"x":-70.5,"y":-1761.3,"z":29.5}, "blip":{"sprite":361,"color":2} },
{ "id":"gas_sandy_01", "name":"Gas Station", "type":"gas", "coords":{"x":2005.0,"y":3774.2,"z":32.4}, "blip":{"sprite":361,"color":2} },
{ "id":"pawn_hawick_01", "name":"Pawn Shop", "type":"pawn", "coords":{"x":-1459.2,"y":-414.5,"z":35.7}, "blip":{"sprite":431,"color":46} },
{ "id":"fence_docks_01", "name":"Fence", "type":"fence", "coords":{"x":154.2,"y":-3102.8,"z":5.9}, "blip":{"sprite":617,"color":47} },
{ "id":"autoshop_ls_customs_01", "name":"Auto Shop", "type":"autoshop", "coords":{"x":-365.4,"y":-131.8,"z":37.9}, "blip":{"sprite":72,"color":5,"scale":0.85} },
{ "id":"autoshop_sandy_01", "name":"Auto Shop", "type":"autoshop", "coords":{"x":1174.8,"y":2640.4,"z":37.8}, "blip":{"sprite":72,"color":5,"scale":0.85} },
 {
  "id":"garage_cars_missionrow_private",
  "name":"Private Garage (Cars)",
  "type":"garage_cars",
  "kind":"private",
  "price": 25000,
  "coords":{"x":450.1,"y":-975.5,"z":25.7},
  "pads":[
    {"x":455.4,"y":-975.0,"z":25.7,"h":90.0},
    {"x":455.4,"y":-971.0,"z":25.7,"h":90.0}
  ],
  "blip":{"sprite":357,"color":3,"scale":0.85}
},
{
  "id":"parking_public_legion",
  "name":"Public Parking",
  "type":"parking_public",
  "kind":"public",
  "coords":{"x":215.8,"y":-810.2,"z":30.7},
  "pads":[
    {"x":222.4,"y":-803.6,"z":30.6,"h":160.0},
    {"x":218.7,"y":-802.8,"z":30.6,"h":160.0}
  ],
  "blip":{"sprite":357,"color":0,"scale":0.75}
},
{
  "id":"garage_boat_marina_public",
  "name":"Marina Slips",
  "type":"garage_boat",
  "kind":"public",
  "coords":{"x":-782.8,"y":-1497.8,"z":1.6},
  "pads":[
    {"x":-797.2,"y":-1506.7,"z":0.2,"h":110.0}
  ],
  "blip":{"sprite":427,"color":3,"scale":0.85}
},
{
  "id":"garage_plane_sandy_public",
  "name":"Air Hangar",
  "type":"garage_plane",
  "kind":"public",
  "coords":{"x":1732.5,"y":3298.4,"z":41.2},
  "pads":[
    {"x":1725.3,"y":3253.2,"z":41.0,"h":105.0}
  ],
  "blip":{"sprite":423,"color":3,"scale":0.85}
},
 {
    "id": "pd_mission_row",
    "name": "Mission Row PD",
    "type": "police",
    "coords": { "x": 425.13, "y": -979.56, "z": 30.71 },
    "blip": { "sprite": 60, "color": 29 }
  },
  {
    "id": "hospital_pillbox",
    "name": "Pillbox Hill Medical",
    "type": "hospital",
    "coords": { "x": 298.23, "y": -584.51, "z": 43.26 },
    "blip": { "sprite": 61, "color": 2 }
  },
  {
    "id": "fire_davis",
    "name": "Davis Fire Station",
    "type": "fire",
    "coords": { "x": 215.70, "y": -1642.00, "z": 29.71 },
    "blip": { "sprite": 436, "color": 1 }
  },
  {
    "id": "taxi_downtown",
    "name": "Downtown Cab Co.",
    "type": "taxi",
    "coords": { "x": 895.85, "y": -179.27, "z": 74.70 },
    "blip": { "sprite": 198, "color": 5 }
  },

  {
    "id": "shop_247_1",
    "name": "24/7 Supermarket",
    "type": "shop",
    "coords": { "x": 25.73, "y": -1346.95, "z": 29.50 },
    "blip": { "sprite": 59, "color": 2 }
  },
  {
    "id": "pawnshop_1",
    "name": "Pawn Shop",
    "type": "pawn",
    "coords": { "x": -1459.20, "y": -414.50, "z": 35.73 },
    "blip": { "sprite": 431, "color": 46 }
  },
  {
    "id": "fence_1",
    "name": "Fence",
    "type": "fence",
    "coords": { "x": 154.20, "y": -3102.80, "z": 5.90 },
    "blip": { "sprite": 617, "color": 47 }
  },

  {
    "id": "chopshop_1",
    "name": "Chop Shop",
    "type": "chopshop",
    "coords": { "x": -557.70, "y": -1693.60, "z": 19.20 },
    "blip": { "sprite": 446, "color": 1 }
  },
  {
    "id": "autorepaint_1",
    "name": "Auto Repaint / Customs",
    "type": "repaint",
    "coords": { "x": -337.42, "y": -136.82, "z": 39.01 },
    "blip": { "sprite": 72, "color": 38 }
  },

  {
    "id": "vehshop_new_1",
    "name": "Vehicle Shop (New)",
    "type": "vehshop_new",
    "coords": { "x": -54.50, "y": -1096.80, "z": 26.42 },
    "blip": { "sprite": 225, "color": 3 }
  },
  {
    "id": "vehshop_used_1",
    "name": "Vehicle Shop (Used)",
    "type": "vehshop_used",
    "coords": { "x": 1227.40, "y": 2727.60, "z": 38.00 },
    "blip": { "sprite": 225, "color": 28 }
  },
  {
    "id": "vehshop_vip_1",
    "name": "Vehicle Shop (VIP)",
    "type": "vehshop_vip",
    "coords": { "x": -803.20, "y": -223.40, "z": 37.20 },
    "blip": { "sprite": 523, "color": 46 }
  },

  {
    "id": "robbery_store_1",
    "name": "Robbery Target: Convenience Store",
    "type": "robbery",
    "coords": { "x": -47.52, "y": -1756.86, "z": 29.42 },
    "blip": { "sprite": 156, "color": 1 }
  },

  {
    "id": "motel_1",
    "name": "Motel",
    "type": "motel",
    "coords": { "x": 326.12, "y": -208.80, "z": 54.08 },
    "blip": { "sprite": 475, "color": 3 }
  },
  {
    "id": "apartments_1",
    "name": "Apartments (Future)",
    "type": "housing",
    "coords": { "x": -268.90, "y": -957.20, "z": 31.22 },
    "blip": { "sprite": 40, "color": 3 }
  },
  {
    "id": "gas_1",
    "name": "Gas Station",
    "type": "gas",
    "coords": { "x": 265.65, "y": -1261.31, "z": 29.29 },
    "blip": { "sprite": 361, "color": 2 }
  },
  {
  "id": "bank_pacific",
  "name": "Pacific Standard Bank",
  "type": "bank",
  "coords": { "x": 246.61, "y": 223.72, "z": 106.29 },
  "blip": { "sprite": 108, "color": 2 }
},
{
  "id": "atm_legion_1",
  "name": "ATM",
  "type": "atm",
  "coords": { "x": 147.58, "y": -1035.78, "z": 29.34 },
  "blip": { "sprite": 277, "color": 2, "scale": 0.6 }
},
{
  "id": "cashcheck_1",
  "name": "Cash Checking",
  "type": "cashcheck",
  "coords": { "x": 154.20, "y": -3102.80, "z": 5.90 },
  "blip": { "sprite": 500, "color": 47, "scale": 0.8 }
}
]
