[
  {
    "id": "zone_ballas",
    "name": "Ballas Territory",
    "type": "gang",
    "center": { "x": 106.0, "y": -1940.0, "z": 20.0 },
    "radius": 260.0
  },
  {
    "id": "zone_families",
    "name": "Families Territory",
    "type": "gang",
    "center": { "x": -155.0, "y": -1608.0, "z": 35.0 },
    "radius": 280.0
  },
  {
    "id": "zone_vagos",
    "name": "Vagos Territory",
    "type": "gang",
    "center": { "x": 330.0, "y": -2031.0, "z": 21.0 },
    "radius": 260.0
  }
]
